method,time,tstr,fidelity,tstr_ratio
MISATA,0.664759635925293,0.8998153591717217,0.9926999999999999,0.9966500318372444
TVAE,32.64834976196289,0.862646480779796,0.8454666666666666,0.9554811815224791
GaussianCopula,2.5718605518341064,0.7888297962720676,0.8404666666666667,0.8737206289659326
