name,accuracy,roc_auc,f1,tstr_ratio
Real (TRTR),0.8593582066635959,0.910987572480964,0.6858710562414266,1.0
MISATA,0.500998003992016,0.704911875012897,0.4545149378986237,0.7737886841783749
GaussianCopula,0.777214801166897,0.8098370339035512,0.17227609811751282,0.8889660609727732
CTGAN,0.8321817902656226,0.8663901126679184,0.6374792703150912,0.9510449306222809
