name,time_seconds,rows,rows_per_second,speedup_vs_slowest
MISATA,2.6660141944885254,26048,9770.390590511206,63.931621092831264
GaussianCopula,8.07048749923706,26048,3227.56215190996,21.119245810895915
CTGAN,170.44260931015015,26048,152.82563500656755,1.0
