intervention,income_multiplier,avg_income,avg_spend_rate,avg_credit_limit,avg_transaction,avg_balance,fraud_rate,total_transactions
Baseline,1.0,115324.53125,230.32528686523438,63542.02734375,287.619,24228.975,0.03338,300000
Income +50%,1.5,172986.78125,345.4879455566406,95313.03125,431.4285,36343.465,0.04429,300000
Income x2,2.0,230649.0625,460.65057373046875,127084.0546875,575.238,48457.95,0.05383,300000
Income x3,3.0,345973.5625,690.9758911132812,190626.0625,862.857,72686.93,0.06842,300000
