intervention,income_change,transaction_change,fraud_change,balance_change
Income +50%,49.99998645127812,50.0,32.684242061114446,50.00001
Income x2,100.0,100.0,61.26423007789097,100.0
Income x3,199.99997290255624,200.0,104.97303774715397,200.00003
