metric,value,se
ATE_education,0.34600000000000003,0.02637013462233365
ATE_hours,0.16,0.023765521244020718
ATE_pop_A,0.16600000000000004,0.02419834705098677
ATE_pop_B,0.604,0.024934474127199877
