name,train_time,gen_time,total_time,rows,rows_per_second
MISATA v3 (Diffusion),24.128024339675903,888.137763261795,912.265787601471,26048,29.32878330084234
