n_agents,n_steps,n_rows,time_seconds,peak_memory_mb,rows_per_second
1000,10,2545,0.0016120440000122471,0.01399993896484375,1578741.0269078666
10000,10,25996,0.0017385580001700873,0.014066696166992188,14952621.65395503
10000,100,264111,0.006348454999852038,0.013860702514648438,41602405.62564523
100000,100,2631947,3.284416209000028,0.6225271224975586,801343.9322299903
100000,1000,22955406,3.449355231000027,0.6486139297485352,6654984.616746718
